{"cameraMode":{"drawMode":0,"name":"Shaded","section":"Shading Mode"},"sceneLighting":false,"audioPlay":false,"sceneViewState":{"m_AlwaysRefresh":false,"showFog":true,"showSkybox":false,"showFlares":true,"showImageEffects":true,"showParticleSystems":true,"showVisualEffectGraphs":true,"m_FxEnabled":true},"in2DMode":false,"pivot":{"x":-5.923001289367676,"y":8.915964126586914,"z":-0.15862524509429933},"rotation":{"x":-0.02788395993411541,"y":-0.03485862910747528,"z":0.0010726946638897062,"w":-0.9991050958633423},"size":0.5698755979537964,"orthographic":false}