{"cameraMode":{"drawMode":0,"name":"Shaded","section":"Shading Mode"},"sceneLighting":false,"audioPlay":false,"sceneViewState":{"m_AlwaysRefresh":false,"showFog":true,"showSkybox":false,"showFlares":true,"showImageEffects":true,"showParticleSystems":true,"showVisualEffectGraphs":true,"m_FxEnabled":true},"in2DMode":false,"pivot":{"x":1.312077522277832,"y":2.5234813690185549,"z":0.8009668588638306},"rotation":{"x":-0.019494032487273217,"y":-0.02399098500609398,"z":-0.0004718869167845696,"w":0.9994962215423584},"size":3.174478769302368,"orthographic":false}