{"cameraMode":{"drawMode":0,"name":"Shaded","section":"Shading Mode"},"sceneLighting":false,"audioPlay":false,"sceneViewState":{"m_AlwaysRefresh":false,"showFog":true,"showSkybox":false,"showFlares":true,"showImageEffects":true,"showParticleSystems":true,"showVisualEffectGraphs":true,"m_FxEnabled":true},"in2DMode":false,"pivot":{"x":-2.4630866050720217,"y":7.506892681121826,"z":1.894803762435913},"rotation":{"x":0.033638156950473788,"y":-0.41021785140037539,"z":0.015143650583922863,"w":0.9112386107444763},"size":15.500848770141602,"orthographic":false}