{"cameraMode":{"drawMode":0,"name":"Shaded","section":"Shading Mode"},"sceneLighting":false,"audioPlay":false,"sceneViewState":{"m_AlwaysRefresh":false,"showFog":true,"showSkybox":false,"showFlares":true,"showImageEffects":true,"showParticleSystems":true,"showVisualEffectGraphs":true,"m_FxEnabled":true},"in2DMode":false,"pivot":{"x":0.00043376535177230835,"y":0.001328796148300171,"z":0.0016967728734016419},"rotation":{"x":0.05997445434331894,"y":-0.6690511107444763,"z":0.054311539977788928,"w":0.7387995719909668},"size":0.15866702795028687,"orthographic":true}