{"cameraMode":{"drawMode":0,"name":"Shaded","section":"Shading Mode"},"sceneLighting":false,"audioPlay":false,"sceneViewState":{"m_AlwaysRefresh":false,"showFog":true,"showSkybox":false,"showFlares":true,"showImageEffects":true,"showParticleSystems":true,"showVisualEffectGraphs":true,"m_FxEnabled":true},"in2DMode":false,"pivot":{"x":0.057242751121520999,"y":-0.029178917407989503,"z":0.02566063404083252},"rotation":{"x":0.24556228518486024,"y":-0.15478767454624177,"z":0.039755482226610187,"w":0.956118106842041},"size":0.32949063181877139,"orthographic":false}