{"cameraMode":{"drawMode":0,"name":"Shaded","section":"Shading Mode"},"sceneLighting":true,"audioPlay":false,"sceneViewState":{"m_AlwaysRefresh":false,"showFog":true,"showSkybox":true,"showFlares":true,"showImageEffects":true,"showParticleSystems":true,"showVisualEffectGraphs":true,"m_FxEnabled":true},"in2DMode":false,"pivot":{"x":0.10391607880592346,"y":1.2884180545806885,"z":-0.08730852603912354},"rotation":{"x":0.20314495265483857,"y":0.09237491339445114,"z":-0.01925583742558956,"w":0.974582314491272},"size":0.9514004588127136,"orthographic":true}