{"cameraMode":{"drawMode":0,"name":"Shaded","section":"Shading Mode"},"sceneLighting":true,"audioPlay":false,"sceneViewState":{"m_AlwaysRefresh":false,"showFog":true,"showSkybox":true,"showFlares":true,"showImageEffects":true,"showParticleSystems":true,"showVisualEffectGraphs":true,"m_FxEnabled":true},"in2DMode":false,"pivot":{"x":0.3517046570777893,"y":0.570537805557251,"z":7.212728977203369},"rotation":{"x":0.017396487295627595,"y":0.011996479704976082,"z":-0.0002189799415646121,"w":0.9997953772544861},"size":3.5787875652313234,"orthographic":false}