{"cameraMode":{"drawMode":0,"name":"Shaded","section":"Shading Mode"},"sceneLighting":true,"audioPlay":false,"sceneViewState":{"m_AlwaysRefresh":false,"showFog":true,"showSkybox":true,"showFlares":true,"showImageEffects":true,"showParticleSystems":true,"showVisualEffectGraphs":true,"m_FxEnabled":true},"in2DMode":false,"pivot":{"x":0.10608351230621338,"y":1.1444566249847413,"z":2.528498411178589},"rotation":{"x":0.025490937754511834,"y":0.023388279601931573,"z":-0.0005919163813814521,"w":0.9994086623191834},"size":11.32872486114502,"orthographic":false}