{"cameraMode":{"drawMode":0,"name":"Shaded","section":"Shading Mode"},"sceneLighting":true,"audioPlay":false,"sceneViewState":{"m_AlwaysRefresh":false,"showFog":false,"showSkybox":true,"showFlares":true,"showImageEffects":true,"showParticleSystems":true,"showVisualEffectGraphs":true,"m_FxEnabled":true},"in2DMode":false,"pivot":{"x":2.057692527770996,"y":0.47016656398773196,"z":2.5553462505340578},"rotation":{"x":0.34477275609970095,"y":-0.25041332840919497,"z":0.0959741622209549,"w":0.8995569944381714},"size":0.4868863821029663,"orthographic":true}