{"cameraMode":{"drawMode":0,"name":"Shaded","section":"Shading Mode"},"sceneLighting":false,"audioPlay":false,"sceneViewState":{"m_AlwaysRefresh":false,"showFog":true,"showSkybox":false,"showFlares":true,"showImageEffects":true,"showParticleSystems":true,"showVisualEffectGraphs":true,"m_FxEnabled":true},"in2DMode":false,"pivot":{"x":-3.5355348587036135,"y":50.00000762939453,"z":3.535533905029297},"rotation":{"x":0.0792723000049591,"y":0.060067981481552127,"z":-0.004789191298186779,"w":0.9950374364852905},"size":11.861390113830567,"orthographic":false}