{"cameraMode":{"drawMode":0,"name":"Shaded","section":"Shading Mode"},"sceneLighting":false,"audioPlay":false,"sceneViewState":{"m_AlwaysRefresh":false,"showFog":true,"showSkybox":false,"showFlares":true,"showImageEffects":true,"showParticleSystems":true,"showVisualEffectGraphs":true,"m_FxEnabled":true},"in2DMode":false,"pivot":{"x":-1.3343480825424195,"y":7.919893264770508,"z":-1.7695021629333497},"rotation":{"x":-0.02788395993411541,"y":-0.03485862910747528,"z":0.0010726946638897062,"w":-0.9991050958633423},"size":-0.826185405254364,"orthographic":false}