{"cameraMode":{"drawMode":0,"name":"Shaded","section":"Shading Mode"},"sceneLighting":true,"audioPlay":false,"sceneViewState":{"m_AlwaysRefresh":false,"showFog":true,"showSkybox":false,"showFlares":true,"showImageEffects":true,"showParticleSystems":true,"showVisualEffectGraphs":true,"m_FxEnabled":true},"in2DMode":false,"pivot":{"x":1.5529441833496094,"y":-0.04982399940490723,"z":-0.640632152557373},"rotation":{"x":0.12503929436206819,"y":-0.022321375086903573,"z":0.0028113697189837696,"w":0.9918960332870483},"size":5.68763542175293,"orthographic":false}