{"cameraMode":{"drawMode":0,"name":"Shaded","section":"Shading Mode"},"sceneLighting":false,"audioPlay":false,"sceneViewState":{"m_AlwaysRefresh":false,"showFog":true,"showSkybox":false,"showFlares":true,"showImageEffects":true,"showParticleSystems":true,"showVisualEffectGraphs":true,"m_FxEnabled":true},"in2DMode":false,"pivot":{"x":-0.013910425826907158,"y":0.07161673903465271,"z":0.12072039395570755},"rotation":{"x":0.18266089260578156,"y":-0.507271945476532,"z":0.11098794639110565,"w":0.8348578214645386},"size":0.21922829747200013,"orthographic":false}