{"cameraMode":{"drawMode":0,"name":"Shaded","section":"Shading Mode"},"sceneLighting":false,"audioPlay":false,"sceneViewState":{"m_AlwaysRefresh":false,"showFog":true,"showSkybox":false,"showFlares":true,"showImageEffects":true,"showParticleSystems":true,"showVisualEffectGraphs":true,"m_FxEnabled":true},"in2DMode":false,"pivot":{"x":-0.0021092966198921205,"y":0.0009317062795162201,"z":0.0007689669728279114},"rotation":{"x":0.10752646625041962,"y":-0.32418912649154665,"z":0.03711806237697601,"w":0.9391242265701294},"size":0.1614670753479004,"orthographic":true}