{"cameraMode":{"drawMode":0,"name":"Shaded","section":"Shading Mode"},"sceneLighting":false,"audioPlay":false,"sceneViewState":{"m_AlwaysRefresh":false,"showFog":true,"showSkybox":false,"showFlares":true,"showImageEffects":true,"showParticleSystems":true,"showVisualEffectGraphs":true,"m_FxEnabled":true},"in2DMode":false,"pivot":{"x":-2.1343815326690676,"y":6.294103622436523,"z":-3.894524335861206},"rotation":{"x":0.08029153198003769,"y":-0.022426540032029153,"z":0.0018052171217277647,"w":0.9965204000473023},"size":-1.440669298171997,"orthographic":false}